total_read_bytes,total_written_bytes,virtual_memory,cpu_usage
585728,1036288,34771271680,0
585728,1036288,34771271680,0
585728,1036288,34771271680,0
585728,1036288,34771271680,0
585728,1036288,34771271680,0
585728,1036288,34771271680,0
585728,1036288,34771271680,0
585728,1036288,34771271680,0
585728,1036288,34771271680,0
585728,1036288,34771271680,0
585728,1036288,34771271680,0
585728,1036288,34771271680,0
585728,1036288,34771271680,0
585728,1036288,34771271680,0
585728,1036288,34771271680,0
585728,1036288,34771271680,0
585728,1036288,34771271680,0
585728,1036288,34771271680,0
585728,1036288,34771271680,0
585728,1036288,34771271680,0.0035710807
585728,1036288,34771271680,0
585728,1036288,34771271680,0
585728,1036288,34771271680,0
585728,1036288,34771271680,0
585728,1036288,34771271680,0
585728,1036288,34771271680,0
585728,1036288,34771271680,0
585728,1036288,34771271680,0
585728,1036288,34771271680,0
585728,1036288,34771271680,0
585728,1036288,34771271680,0
585728,1036288,34771271680,0
585728,1036288,34771271680,0.0026177943
585728,1036288,34771271680,0
585728,1036288,34771271680,0
585728,1036288,34771271680,0
585728,1036288,34771271680,0
585728,1036288,34771271680,0
585728,1036288,34771271680,0
585728,1036288,34771271680,0
585728,1036288,34771271680,0
585728,1036288,34771271680,0
585728,1036288,34771271680,0
585728,1036288,34771271680,0
585728,1036288,34771271680,0
585728,1036288,34771271680,0
585728,1036288,34771271680,0
585728,1036288,34771271680,0
585728,1036288,34771271680,0
585728,1036288,34771271680,0
585728,1036288,34771271680,0
585728,1036288,34771271680,0
585728,1036288,34771271680,0.0030382157
585728,1036288,34771271680,0
585728,1036288,34771271680,0
585728,1036288,34771271680,0
585728,1036288,34771271680,0
585728,1036288,34771271680,0
585728,1036288,34771271680,0
585728,1036288,34771271680,0
585728,1036288,34771271680,0
585728,1036288,34771271680,0
585728,1036288,34771271680,0
585728,1036288,34771271680,0
585728,1036288,34771271680,0
651264,1036288,34779672576,0.2308
651264,1036288,34779672576,0
651264,1036288,34779672576,0
651264,1036288,34779672576,0
651264,1036288,34779672576,0
651264,1036288,34779672576,0
651264,1036288,34779672576,0
651264,1036288,34779672576,0
651264,1036288,34779672576,0
651264,1036288,34779672576,0
651264,1036288,34779672576,0
651264,1036288,34779672576,0
651264,1036288,34779672576,0
651264,1036288,34779672576,0
651264,1036288,34779672576,0
651264,1036288,34779672576,0
651264,1036288,34779672576,0
651264,1036288,34779672576,0
651264,1036288,34779672576,0
651264,1036288,34779672576,0.0026343353
684032,1130496,34779672576,0.20878957
684032,1130496,34779672576,0
684032,1130496,34779672576,0
684032,1130496,34779672576,0
684032,1130496,34779672576,0
684032,1130496,34779672576,0
684032,1130496,34779672576,0
684032,1130496,34779672576,0
684032,1130496,34779672576,0
684032,1130496,34779672576,0
684032,1130496,34779672576,0
684032,1130496,34779672576,0
684032,1130496,34779672576,0
684032,1130496,34779672576,0.0018109271
684032,1130496,34779672576,0
684032,1130496,34779672576,0
684032,1130496,34779672576,0
684032,1130496,34779672576,0
684032,1130496,34779672576,0
684032,1130496,34779672576,0
684032,1130496,34779672576,0
684032,1130496,34779672576,0
684032,1130496,34779672576,0
684032,1130496,34779672576,0
684032,1130496,34779672576,0
684032,1130496,34779672576,0
684032,1130496,34779672576,0
684032,1130496,34779672576,0
684032,1130496,34779672576,0
684032,1130496,34779672576,0
684032,1130496,34779672576,0
684032,1130496,34779672576,0
684032,1130496,34779672576,0.0033497156
684032,1130496,34779672576,0.0017748699
684032,1130496,34779672576,0
684032,1130496,34779672576,0
684032,1130496,34779672576,0
684032,1130496,34779672576,0
684032,1130496,34779672576,0
684032,1130496,34779672576,0
684032,1130496,34779672576,0
684032,1130496,34779672576,0
684032,1130496,34779672576,0
684032,1130496,34779672576,0
684032,1130496,34779672576,0
684032,1130496,34779672576,0
684032,1130496,34771271680,0.027068054
684032,1130496,34771271680,0
684032,1130496,34771271680,0
684032,1130496,34771271680,0
684032,1130496,34771271680,0
684032,1130496,34771271680,0
684032,1130496,34771271680,0
684032,1130496,34771271680,0
684032,1130496,34771271680,0
684032,1130496,34771271680,0
684032,1130496,34771271680,0
684032,1130496,34771271680,0
684032,1130496,34771271680,0
684032,1130496,34771271680,0
684032,1130496,34771271680,0
684032,1130496,34771271680,0
684032,1130496,34771271680,0
684032,1130496,34771271680,0
684032,1130496,34771271680,0
684032,1130496,34771271680,0.0066568735
684032,1130496,34771271680,0
684032,1130496,34771271680,0
684032,1130496,34771271680,0
684032,1130496,34771271680,0
684032,1130496,34771271680,0
684032,1130496,34771271680,0
684032,1130496,34771271680,0
684032,1130496,34771271680,0
684032,1130496,34771271680,0
684032,1130496,34771271680,0
684032,1130496,34771271680,0
684032,1130496,34771271680,0
684032,1130496,34771271680,0
684032,1130496,34771271680,0
684032,1130496,34771271680,0
684032,1130496,34771271680,0
684032,1130496,34771271680,0
684032,1130496,34771271680,0
684032,1130496,34771271680,0
684032,1130496,34771271680,0
684032,1130496,34771271680,0
684032,1130496,34771271680,0
684032,1130496,34771271680,0
684032,1130496,34771271680,0
684032,1130496,34771271680,0
684032,1130496,34771271680,0
684032,1130496,34771271680,0
684032,1130496,34771271680,0
684032,1130496,34771271680,0
684032,1130496,34771271680,0
684032,1130496,34771271680,0
684032,1130496,34771271680,0.0062335646
684032,1130496,34771271680,0.009803763
684032,1130496,34771271680,0
684032,1130496,34771271680,0
684032,1130496,34771271680,0
684032,1130496,34771271680,0
684032,1130496,34771271680,0
684032,1130496,34771271680,0
684032,1130496,34771271680,0
684032,1130496,34771271680,0
684032,1130496,34771271680,0
684032,1130496,34771271680,0
684032,1130496,34771271680,0
684032,1130496,34771271680,0
684032,1130496,34771271680,0
684032,1130496,34771271680,0
684032,1130496,34771271680,0
684032,1130496,34771271680,0
684032,1130496,34771271680,0
684032,1130496,34771271680,0
684032,1130496,34771271680,0
684032,1130496,34771271680,0
684032,1130496,34771271680,0
684032,1130496,34771271680,0
684032,1130496,34771271680,0
684032,1130496,34771271680,0
684032,1130496,34771271680,0
684032,1130496,34771271680,0
684032,1130496,34771271680,0
684032,1130496,34771271680,0
684032,1130496,34771271680,0
684032,1130496,34771271680,0
684032,1130496,34771271680,0
684032,1130496,34771271680,0.0026751484
684032,1130496,34771271680,0.006008416
684032,1130496,34771271680,0
684032,1130496,34771271680,0
684032,1130496,34771271680,0
684032,1130496,34771271680,0
684032,1130496,34771271680,0
684032,1130496,34771271680,0
684032,1130496,34771271680,0
684032,1130496,34771271680,0
684032,1130496,34771271680,0
684032,1130496,34771271680,0
684032,1130496,34771271680,0
684032,1130496,34771271680,0
684032,1130496,34771271680,0
684032,1130496,34771271680,0
684032,1130496,34771271680,0
684032,1130496,34771271680,0
684032,1130496,34771271680,0
684032,1130496,34771271680,0
684032,1130496,34771271680,0
684032,1130496,34771271680,0
684032,1130496,34771271680,0
684032,1130496,34771271680,0
684032,1130496,34771271680,0
684032,1130496,34771271680,0
684032,1130496,34771271680,0
684032,1130496,34771271680,0
684032,1130496,34771271680,0
684032,1130496,34771271680,0
684032,1130496,34771271680,0
684032,1130496,34771271680,0
684032,1130496,34771271680,0
684032,1130496,34771271680,0.00628
684032,1130496,34771271680,0.008971018
684032,1130496,34771271680,0
684032,1130496,34771271680,0
684032,1130496,34771271680,0
684032,1130496,34771271680,0
684032,1130496,34771271680,0
684032,1130496,34771271680,0
684032,1130496,34771271680,0
684032,1130496,34771271680,0
684032,1130496,34771271680,0
684032,1130496,34771271680,0
684032,1130496,34771271680,0
684032,1130496,34771271680,0
684032,1130496,34771271680,0
684032,1130496,34771271680,0
684032,1130496,34771271680,0
684032,1130496,34771271680,0
684032,1130496,34771271680,0
684032,1130496,34771271680,0
684032,1130496,34771271680,0
684032,1130496,34771271680,0
684032,1130496,34771271680,0
684032,1130496,34771271680,0
684032,1130496,34771271680,0
684032,1130496,34771271680,0
684032,1130496,34771271680,0
684032,1130496,34771271680,0
684032,1130496,34771271680,0
684032,1130496,34771271680,0
684032,1130496,34771271680,0
684032,1130496,34771271680,0
684032,1130496,34771271680,0
684032,1130496,34771271680,0.0084497025
684032,1130496,34771271680,0
684032,1130496,34771271680,0
684032,1130496,34771271680,0
684032,1130496,34771271680,0
684032,1130496,34771271680,0
684032,1130496,34771271680,0
684032,1130496,34771271680,0
684032,1130496,34771271680,0
684032,1130496,34771271680,0
684032,1130496,34771271680,0
684032,1130496,34771271680,0
684032,1130496,34771271680,0
684032,1130496,34771271680,0
684032,1130496,34771271680,0
684032,1130496,34771271680,0
684032,1130496,34771271680,0
684032,1130496,34771271680,0
684032,1130496,34771271680,0
684032,1130496,34771271680,0
684032,1130496,34771271680,0
684032,1130496,34771271680,0
684032,1130496,34771271680,0
684032,1130496,34771271680,0
684032,1130496,34771271680,0
684032,1130496,34771271680,0
684032,1130496,34771271680,0
684032,1130496,34771271680,0
684032,1130496,34771271680,0
684032,1130496,34771271680,0
684032,1130496,34771271680,0
684032,1130496,34771271680,0
684032,1130496,34771271680,0
684032,1130496,34771271680,0.0063747633
684032,1130496,34771271680,0
684032,1130496,34771271680,0
684032,1130496,34771271680,0
684032,1130496,34771271680,0
684032,1130496,34771271680,0
684032,1130496,34771271680,0
684032,1130496,34771271680,0
684032,1130496,34771271680,0
684032,1130496,34771271680,0
684032,1130496,34771271680,0
684032,1130496,34771271680,0
684032,1130496,34771271680,0
684032,1130496,34771271680,0
684032,1130496,34771271680,0
684032,1130496,34771271680,0
684032,1130496,34771271680,0
684032,1130496,34771271680,0
684032,1130496,34771271680,0
684032,1130496,34771271680,0
684032,1130496,34771271680,0.0095557105
684032,1130496,34771271680,0
684032,1130496,34771271680,0
684032,1130496,34771271680,0
684032,1130496,34771271680,0
684032,1130496,34771271680,0
684032,1130496,34771271680,0
684032,1130496,34771271680,0
684032,1130496,34771271680,0
684032,1130496,34771271680,0
684032,1130496,34771271680,0
684032,1130496,34771271680,0
684032,1130496,34771271680,0.0061711883
684032,1130496,34771271680,0.0059575127
684032,1130496,34771271680,0
684032,1130496,34771271680,0
684032,1130496,34771271680,0
684032,1130496,34771271680,0
684032,1130496,34771271680,0
684032,1130496,34771271680,0
684032,1130496,34771271680,0
684032,1130496,34771271680,0
684032,1130496,34771271680,0
684032,1130496,34771271680,0
684032,1130496,34771271680,0
684032,1130496,34771271680,0
684032,1130496,34771271680,0
684032,1130496,34771271680,0
684032,1130496,34771271680,0
712704,1130496,34779672576,0.2843022
712704,1130496,34779672576,0
712704,1130496,34779672576,0
712704,1130496,34779672576,0
712704,1130496,34779672576,0
712704,1130496,34779672576,0
712704,1130496,34779672576,0
712704,1130496,34779672576,0
712704,1130496,34779672576,0
712704,1130496,34779672576,0
712704,1130496,34779672576,0
712704,1130496,34779672576,0
712704,1130496,34779672576,0
712704,1130496,34779672576,0
712704,1130496,34779672576,0
712704,1130496,34779672576,0
712704,1130496,34779672576,0.0015964224
712704,1130496,34779672576,0
712704,1130496,34779672576,0
712704,1130496,34779672576,0
712704,1224704,34779672576,0.082109556
712704,1224704,34779672576,0
712704,1224704,34779672576,0
712704,1224704,34779672576,0
712704,1224704,34779672576,0
712704,1224704,34779672576,0
712704,1224704,34779672576,0
712704,1224704,34779672576,0
712704,1224704,34779672576,0
712704,1224704,34779672576,0
712704,1224704,34779672576,0
712704,1224704,34779672576,0
712704,1224704,34779672576,0
712704,1224704,34779672576,0.0064561493
712704,1224704,34779672576,0
712704,1224704,34779672576,0
712704,1224704,34779672576,0
712704,1224704,34779672576,0
712704,1224704,34779672576,0
712704,1224704,34779672576,0
712704,1224704,34779672576,0
712704,1224704,34779672576,0
712704,1224704,34779672576,0
712704,1224704,34779672576,0
712704,1224704,34779672576,0
712704,1224704,34779672576,0
712704,1224704,34779672576,0
712704,1224704,34779672576,0
712704,1224704,34779672576,0
712704,1224704,34779672576,0.0062666666
712704,1224704,34779672576,0
712704,1224704,34779672576,0
712704,1224704,34779672576,0
712704,1224704,34779672576,0.00177537
712704,1224704,34779672576,0
712704,1224704,34779672576,0
712704,1224704,34779672576,0
712704,1224704,34779672576,0
712704,1224704,34779672576,0
712704,1224704,34779672576,0
712704,1224704,34779672576,0
712704,1224704,34779672576,0
712704,1224704,34779672576,0
712704,1224704,34779672576,0
712704,1224704,34779672576,0
712704,1224704,34771271680,0.018033465
712704,1224704,34771271680,0
712704,1224704,34771271680,0
712704,1224704,34771271680,0
712704,1224704,34771271680,0
712704,1224704,34771271680,0
712704,1224704,34771271680,0
712704,1224704,34771271680,0
712704,1224704,34771271680,0
712704,1224704,34771271680,0
712704,1224704,34771271680,0
712704,1224704,34771271680,0
712704,1224704,34771271680,0
712704,1224704,34771271680,0
712704,1224704,34771271680,0
712704,1224704,34771271680,0
712704,1224704,34771271680,0
712704,1224704,34771271680,0.0038949505
712704,1224704,34771271680,0
712704,1224704,34771271680,0
712704,1224704,34771271680,0.0062806476
712704,1224704,34771271680,0
720896,1224704,34779672576,0.8265482
720896,1232896,34779672576,0.11267646
720896,1232896,34779672576,0
720896,1232896,34779672576,0
720896,1232896,34779672576,0
720896,1232896,34779672576,0
720896,1232896,34779672576,0
720896,1232896,34779672576,0
720896,1232896,34779672576,0
720896,1232896,34779672576,0
733184,1253376,34788073472,0.30611688
733184,1253376,34788073472,0
733184,1253376,34788073472,0
733184,1253376,34788073472,0
733184,1253376,34788073472,0
733184,1253376,34788073472,0
733184,1253376,34788073472,0
733184,1253376,34788073472,0
733184,1253376,34788073472,0
733184,1253376,34788073472,0
733184,1253376,34788073472,0
733184,1253376,34788073472,0
733184,1253376,34788073472,0
733184,1253376,34788073472,0
733184,1253376,34788073472,0
733184,1253376,34788073472,0
733184,1253376,34788073472,0
733184,1253376,34788073472,0
733184,1253376,34788073472,0
733184,1253376,34788073472,0
733184,1253376,34788073472,0
733184,1253376,34788073472,0
733184,1253376,34788073472,0
733184,1253376,34779672576,0.02521424
733184,1253376,34779672576,0
733184,1253376,34779672576,0
733184,1253376,34779672576,0
733184,1253376,34779672576,0
733184,1253376,34779672576,0
733184,1253376,34779672576,0
733184,1253376,34779672576,0
733184,1253376,34779672576,0
733184,1253376,34779672576,0
733184,1253376,34771271680,0.02207307
733184,1253376,34771271680,0
733184,1253376,34771271680,0
733184,1253376,34771271680,0
733184,1253376,34771271680,0
733184,1253376,34771271680,0
733184,1253376,34771271680,0
733184,1253376,34771271680,0
733184,1253376,34771271680,0
733184,1253376,34771271680,0
733184,1253376,34771271680,0
733184,1253376,34771271680,0
733184,1253376,34771271680,0
733184,1253376,34771271680,0
733184,1253376,34771271680,0
733184,1253376,34771271680,0
733184,1253376,34771271680,0
733184,1253376,34771271680,0
733184,1253376,34771271680,0
733184,1253376,34771271680,0
733184,1253376,34771271680,0
733184,1253376,34771271680,0
733184,1253376,34771271680,0
733184,1253376,34771271680,0.0019341584
733184,1253376,34771271680,0
733184,1253376,34771271680,0
733184,1253376,34771271680,0
733184,1253376,34771271680,0
733184,1253376,34771271680,0
733184,1253376,34771271680,0
733184,1253376,34771271680,0
733184,1253376,34771271680,0
733184,1253376,34771271680,0
733184,1253376,34771271680,0.0050867246
733184,1253376,34771271680,0
733184,1253376,34771271680,0
733184,1253376,34771271680,0
733184,1253376,34771271680,0
733184,1253376,34771271680,0
733184,1253376,34771271680,0
733184,1253376,34771271680,0
733184,1253376,34771271680,0
733184,1253376,34771271680,0
733184,1253376,34771271680,0
733184,1253376,34771271680,0
733184,1253376,34771271680,0
733184,1253376,34771271680,0
733184,1253376,34771271680,0
733184,1253376,34771271680,0
733184,1253376,34771271680,0
733184,1253376,34771271680,0
733184,1253376,34771271680,0
733184,1253376,34771271680,0
733184,1253376,34771271680,0
733184,1253376,34771271680,0
733184,1253376,34771271680,0
733184,1253376,34771271680,0.0013811153
733184,1253376,34771271680,0
733184,1253376,34771271680,0
733184,1253376,34771271680,0
733184,1253376,34771271680,0
733184,1253376,34771271680,0
733184,1253376,34771271680,0
733184,1253376,34771271680,0
733184,1253376,34771271680,0
733184,1253376,34771271680,0
733184,1253376,34771271680,0.002515886
733184,1253376,34771271680,0
733184,1253376,34771271680,0
733184,1253376,34771271680,0
733184,1253376,34771271680,0
733184,1253376,34771271680,0
733184,1253376,34771271680,0
733184,1253376,34771271680,0
733184,1253376,34771271680,0
733184,1253376,34771271680,0
733184,1253376,34771271680,0
733184,1253376,34771271680,0
733184,1253376,34771271680,0
733184,1253376,34771271680,0
733184,1253376,34771271680,0
733184,1253376,34771271680,0
733184,1253376,34771271680,0
733184,1253376,34771271680,0
733184,1253376,34771271680,0
733184,1253376,34771271680,0
733184,1253376,34771271680,0
733184,1253376,34771271680,0
733184,1253376,34771271680,0
733184,1253376,34771271680,0.0035428856
733184,1253376,34771271680,0
733184,1253376,34771271680,0
733184,1253376,34771271680,0
733184,1253376,34771271680,0
733184,1253376,34771271680,0
733184,1253376,34771271680,0
733184,1253376,34771271680,0
733184,1253376,34771271680,0
733184,1253376,34771271680,0.0030200747
733184,1253376,34771271680,0
733184,1253376,34771271680,0
733184,1253376,34771271680,0
733184,1253376,34771271680,0
733184,1253376,34771271680,0
733184,1253376,34771271680,0
733184,1253376,34771271680,0
733184,1253376,34771271680,0
733184,1253376,34771271680,0
733184,1253376,34771271680,0
733184,1253376,34771271680,0
733184,1253376,34771271680,0
733184,1253376,34771271680,0
733184,1253376,34771271680,0
733184,1253376,34771271680,0
733184,1253376,34771271680,0
